<?xml version="1.0" encoding="UTF-8"?>
<document>
<type>mainstream</type>
<forum>http://sportske.jutarnji.hr/rss/</forum>
<forum_title>sportskenovosti.hr</forum_title>
<discussion_title>ČAČIĆ U SN-u NAJAVIO EURO ZA PAMĆENJE &apos;Nisam ja pao s Marsa! Igrat ćemo puna srca i bit će razloga za slavlje!&apos;</discussion_title>
<language>croatian</language>
<gmt_offset></gmt_offset>
<topic_url>http://sportske.jutarnji.hr/cacic-u-sn-u-najavio-euro-za-pamcenje--nisam-ja-pao-s-marsa--igrat-cemo-puna-srca-i-bit-ce-razloga-za-slavlje--/1573682/</topic_url>
<topic_text>
RSS PONOVITI FRANCUSKU 98&apos; ČAČIĆ U SN-u NAJAVIO EURO ZA PAMĆENJE &apos;Nisam ja pao s Marsa! Igrat ćemo puna srca i bit će razloga za slavlje!&apos; 
Cropix/Ronald Goršić 
Objavljeno: prije 38 min 
Izabrao je restoran Orkan, možda i zato da bi u njemu simbolično najavio uragan koji će uslijediti nakon što u ponedjeljak objav&apos;i popis kandidata za Euro. 
- Kakav god bio, mnogi će me prozivati - kazao je vrlo smireno Ante Čačić , izbornik i naš sugovornik. 
Prozivat će ga Splićani jer će na popisu biti samo Lovre Kalinić, sretni neće biti ni Riječani jer tu je samo Vargić i to u statusu trećega golmana. Bio bi i Lešković, ali je zbog ozljede otpao. Društvo iz HNL-a tako će uglavnom zastupati Dinamo, Pjaca i Šifo su neupitni, a na popisu će od trojca Antolić, Rog i Ćorić biti barem dvojica, možda i sva tri. I koliko god se trudio to negirati, Ante Čačić sljedećih će nekoliko dana ponovno biti Mamićev izbornik koji konja veže tamo gdje mu gazda kaže. 
Izborniče, koliko će igrača uopće početi pripreme za Euro? Znamo da ćete ih voditi 23, ali uvijek treba računati na moguće ozljede, da nam se ne ponovi Mađarska kada smo u Budimpeštu stigli s 12 i pol zdravih igrača. 
- Na prvom popisu bit će 25 ili eventualno 26 igrača. Znamo da će Modrić i Kovačić kasnije biti priključeni, pa ih želim imati dovoljno za trening. 
Koliko vas je izmučilo sastavljanje popisa, koliko ste dugo vagali koga pozvati? 
- Nisam imao većih dilema, vodio sam se jasnim kriterijima, a kada je tako imena se nametnu sama od sebe. Uvijek ima pokoja dvojba, ali generalno je popis čvrsto i relativno brzo bio sastavljen. 
Koliko je bilo pritisaka sa strane klubova i menadžera. Predugo ste u nogometu, poznajete više-manje sve koji su na toj sceni? 
- Baš zato što i svi oni mene poznaju, pritisaka uopće nije bilo. Što vam sigurno zvuči začuđujuće. Znaju da pritisci kod mene ne prolaze. Doista sam imao potpuni mir za odabir, nitko me nije probao poremetiti. 
Često ste govorili kako otprilike 16 sigurnih igrača zna svako tko prati nogomet. Kako ste odabrali ostale, one koji će na Euru biti u drugom planu? Mislite li na Euro voditi 23 najbolja igrača koja imamo ili će zadnjih nekoliko mjesta pripasti mlađima? 
- Realno je da ćemo na Euru koristiti najviše 16 igrača. Predugo sam trener da ne bih znao prepoznati važnost odabira onih koji nisu u prvom planu. Iskusni igrači teško prihvaćaju takvu ulogu, oni se odmah pitaju zašto su uopće tu, zašto nisu negdje na odmoru i automatski stvaraju nered u svlačionici i nerad na treninzima. Na klupi želim igrače koji će biti sretni što su dio momčadi i koji će poput napete puške čekati svoju šansu i to jureći na treninzima. Takvi igrači donose zdravu i poticajnu klimu u momčadi, a to je presudno za ostvarivanje željenog rezultata. U konačnici, želim na Euru imati i igrače koji će nam sutra nositi reprezentaciju. 
Dobro, kako ste izabrali te mlade igrače? 
- Tu su oni koji su imali konstantnu minutažu u klubovima i koji su se pokazali dobrima u mladoj selekciji kod Gračana. Već sam rekao da u A-selekciju mladi mogu ući samo preko U-21 momčadi. 
Te kriterije, od onih koji nisu u prvom planu, ispunjavaju Halilović, Rog i Ćorić? Posebno Halilović koji je uglavnom bio standardan u snažnoj Primeri? 
- Tu bi svakako bio i Pašalić koji je do ozljede imao odličnu sezonu u Monacu. Istina je, Halilović, Rog i Ćorić po kriterijima mogu na Euro, ali pitanje je hoće li biti mjesta za sve. Imamo puno onih koji su bili dobri i konstantni u klubovima. 
Dobro, kako ste izabrali te mlade igrače? 
- Tu su oni koji su imali konstantnu minutažu u klubovima i koji su se pokazali dobrima u mladoj selekciji kod Gračana. Već sam rekao da u A-selekciju mladi mogu ući samo preko U-21 momčadi. 
Te kriterije, od onih koji nisu u prvom planu, ispunjavaju Halilović, Rog i Ćorić? Posebno Halilović koji je uglavnom bio standardan u snažnoj Primeri? 
- Tu bi svakako bio i Pašalić koji je do ozljede imao odličnu sezonu u Monacu. Istina je, Halilović, Rog i Ćorić po kriterijima mogu na Euro, ali pitanje je hoće li biti mjesta za sve. Imamo puno onih koji su bili dobri i konstantni u klubovima. 
Proteklih ste tjedana jako puno putovali po Europi gledajući utakmice i razgovarajući s igračima. Kakve su vaše impresije s tih razgovora? 
- Izvanredne. Svi mi možemo biti ponosni što imamo sjajne igrače u velikim klubovima i što im je redom maksimalno stalo da igraju za Hrvatsku. 
To ste osjetili i kod Lovrena? 
- Nemojmo se stalno vraćati na Lovrena. Dečko je istupio kako je istupio i nakon toga više nije bilo povratka. Ne znam koji bi to izbornik ili trener drugačije postupio? Pa valjda moramo ispoštivati sve igrače koji pošteno rade u reprezentaciji. 
A što su vam o Lovrenu rekli ostali igrači? 
- Bili su iznenađeni, znaju ga godinama, ali doista ne želim više o Lovrenu. 
Kontrast je igračima ogroman 
U redu, nećemo o Lovrenu... A što igrače najviše muči u ovom trenutku? 
- Tamo žive i igraju u atmosferi koju mi teško možemo i zamisliti. Doslovno mogu uživati u svakoj minuti. I kada dođe reprezentativna stanka sretni su jer idu doma, jer će igrati za Hrvatsku, biti sa suigračima iz prvih nogometnih dana... Nažalost, ne mogu pobjeći od toga da dolaze u lošu atmosferu, da ih mnogi napadaju zato što uopće igraju za Hrvatsku, da ih se proziva za nezalaganje. Nejedinstvo navijača ipak nije normalno, posebno kada igraš za reprezentaciju. Taj kontrast u njihovu nogometnom okruženju doista je ogroman. Eto, to ih najviše brine. Hoće li na tribinama imati jedinstvenu podršku, ili će opet biti onih koji će napraviti sve da mi ne dobijemo utakmicu. Inače, oni su puni samopouzdanja, dobro znaju koliko vrijede i koliko mogu i jedva čekaju početak priprema za Euro. 
Jeste li gledajući tolike vrhunske utakmice uživo i trenerske taktike na njima možda došli do novih ideja i za igru reprezentacije? 
- Svaka utakmica nešto donese, na svakoj možeš nešto naučiti, a rekao bih da sam najviše bio koncentriran na naše igrače pokušavajući osjetiti koje im to blisko okruženje na terenu najviše paše, koja je to najbolja koncepcija koja će im pomoći da prezentiraju svoj najbolji nogomet. Mislim da sam snimio nekoliko dobrih stvari koje ću pokušati prenijeti na igrače i u reprezentaciji. Ma da nije tog njihova zanosa, mi sigurno ne bi igrali Euro. 
Što mislite pod tim zanosom? 
- U kvalifikacijama su svi problemi krenuli s Milanom i onim neredima na tribinama. Nakon toga dogodio se Poljud. U državi je očito bilo dosta onih koji su učinili sve da ne odemo u Francusku. Kako među onima koji se nazivaju navijači, tako i među medijima, ali i pojedincima koji imaju veliki utjecaj pa i snagu u našem društvu. I usprkos svim tim problemima, igrači su zadržali zanos, ostali su prava momčad i izborili Euro. Zato je plasman u Francusku isključivo njihova pobjeda i njihova zasluga. Dokazali su koliko im je Hrvatska važna u životu. 
CIJELI RAZGOVOR S ANTOM ČAČIĆEM PROČITAJTE U TISKANOM IZDANJU SPORTSKIH NOVOSTI
</topic_text>
<spam_score>0.00</spam_score>
<post_num>1</post_num>
<post_id>post-1</post_id>
<post_url>http://sportske.jutarnji.hr/cacic-u-sn-u-najavio-euro-za-pamcenje--nisam-ja-pao-s-marsa--igrat-cemo-puna-srca-i-bit-ce-razloga-za-slavlje--/1573682/</post_url>
<post_date>20160514</post_date>
<post_time>1634</post_time>
<username>Robert Šola</username>
<post>
RSS PONOVITI FRANCUSKU 98&apos; ČAČIĆ U SN-u NAJAVIO EURO ZA PAMĆENJE &apos;Nisam ja pao s Marsa! Igrat ćemo puna srca i bit će razloga za slavlje!&apos; 
Cropix/Ronald Goršić 
Objavljeno: prije 38 min 
Izabrao je restoran Orkan, možda i zato da bi u njemu simbolično najavio uragan koji će uslijediti nakon što u ponedjeljak objav&apos;i popis kandidata za Euro. 
- Kakav god bio, mnogi će me prozivati - kazao je vrlo smireno Ante Čačić , izbornik i naš sugovornik. 
Prozivat će ga Splićani jer će na popisu biti samo Lovre Kalinić, sretni neće biti ni Riječani jer tu je samo Vargić i to u statusu trećega golmana. Bio bi i Lešković, ali je zbog ozljede otpao. Društvo iz HNL-a tako će uglavnom zastupati Dinamo, Pjaca i Šifo su neupitni, a na popisu će od trojca Antolić, Rog i Ćorić biti barem dvojica, možda i sva tri. I koliko god se trudio to negirati, Ante Čačić sljedećih će nekoliko dana ponovno biti Mamićev izbornik koji konja veže tamo gdje mu gazda kaže. 
Izborniče, koliko će igrača uopće početi pripreme za Euro? Znamo da ćete ih voditi 23, ali uvijek treba računati na moguće ozljede, da nam se ne ponovi Mađarska kada smo u Budimpeštu stigli s 12 i pol zdravih igrača. 
- Na prvom popisu bit će 25 ili eventualno 26 igrača. Znamo da će Modrić i Kovačić kasnije biti priključeni, pa ih želim imati dovoljno za trening. 
Koliko vas je izmučilo sastavljanje popisa, koliko ste dugo vagali koga pozvati? 
- Nisam imao većih dilema, vodio sam se jasnim kriterijima, a kada je tako imena se nametnu sama od sebe. Uvijek ima pokoja dvojba, ali generalno je popis čvrsto i relativno brzo bio sastavljen. 
Koliko je bilo pritisaka sa strane klubova i menadžera. Predugo ste u nogometu, poznajete više-manje sve koji su na toj sceni? 
- Baš zato što i svi oni mene poznaju, pritisaka uopće nije bilo. Što vam sigurno zvuči začuđujuće. Znaju da pritisci kod mene ne prolaze. Doista sam imao potpuni mir za odabir, nitko me nije probao poremetiti. 
Često ste govorili kako otprilike 16 sigurnih igrača zna svako tko prati nogomet. Kako ste odabrali ostale, one koji će na Euru biti u drugom planu? Mislite li na Euro voditi 23 najbolja igrača koja imamo ili će zadnjih nekoliko mjesta pripasti mlađima? 
- Realno je da ćemo na Euru koristiti najviše 16 igrača. Predugo sam trener da ne bih znao prepoznati važnost odabira onih koji nisu u prvom planu. Iskusni igrači teško prihvaćaju takvu ulogu, oni se odmah pitaju zašto su uopće tu, zašto nisu negdje na odmoru i automatski stvaraju nered u svlačionici i nerad na treninzima. Na klupi želim igrače koji će biti sretni što su dio momčadi i koji će poput napete puške čekati svoju šansu i to jureći na treninzima. Takvi igrači donose zdravu i poticajnu klimu u momčadi, a to je presudno za ostvarivanje željenog rezultata. U konačnici, želim na Euru imati i igrače koji će nam sutra nositi reprezentaciju. 
Dobro, kako ste izabrali te mlade igrače? 
- Tu su oni koji su imali konstantnu minutažu u klubovima i koji su se pokazali dobrima u mladoj selekciji kod Gračana. Već sam rekao da u A-selekciju mladi mogu ući samo preko U-21 momčadi. 
Te kriterije, od onih koji nisu u prvom planu, ispunjavaju Halilović, Rog i Ćorić? Posebno Halilović koji je uglavnom bio standardan u snažnoj Primeri? 
- Tu bi svakako bio i Pašalić koji je do ozljede imao odličnu sezonu u Monacu. Istina je, Halilović, Rog i Ćorić po kriterijima mogu na Euro, ali pitanje je hoće li biti mjesta za sve. Imamo puno onih koji su bili dobri i konstantni u klubovima. 
Dobro, kako ste izabrali te mlade igrače? 
- Tu su oni koji su imali konstantnu minutažu u klubovima i koji su se pokazali dobrima u mladoj selekciji kod Gračana. Već sam rekao da u A-selekciju mladi mogu ući samo preko U-21 momčadi. 
Te kriterije, od onih koji nisu u prvom planu, ispunjavaju Halilović, Rog i Ćorić? Posebno Halilović koji je uglavnom bio standardan u snažnoj Primeri? 
- Tu bi svakako bio i Pašalić koji je do ozljede imao odličnu sezonu u Monacu. Istina je, Halilović, Rog i Ćorić po kriterijima mogu na Euro, ali pitanje je hoće li biti mjesta za sve. Imamo puno onih koji su bili dobri i konstantni u klubovima. 
Proteklih ste tjedana jako puno putovali po Europi gledajući utakmice i razgovarajući s igračima. Kakve su vaše impresije s tih razgovora? 
- Izvanredne. Svi mi možemo biti ponosni što imamo sjajne igrače u velikim klubovima i što im je redom maksimalno stalo da igraju za Hrvatsku. 
To ste osjetili i kod Lovrena? 
- Nemojmo se stalno vraćati na Lovrena. Dečko je istupio kako je istupio i nakon toga više nije bilo povratka. Ne znam koji bi to izbornik ili trener drugačije postupio? Pa valjda moramo ispoštivati sve igrače koji pošteno rade u reprezentaciji. 
A što su vam o Lovrenu rekli ostali igrači? 
- Bili su iznenađeni, znaju ga godinama, ali doista ne želim više o Lovrenu. 
Kontrast je igračima ogroman 
U redu, nećemo o Lovrenu... A što igrače najviše muči u ovom trenutku? 
- Tamo žive i igraju u atmosferi koju mi teško možemo i zamisliti. Doslovno mogu uživati u svakoj minuti. I kada dođe reprezentativna stanka sretni su jer idu doma, jer će igrati za Hrvatsku, biti sa suigračima iz prvih nogometnih dana... Nažalost, ne mogu pobjeći od toga da dolaze u lošu atmosferu, da ih mnogi napadaju zato što uopće igraju za Hrvatsku, da ih se proziva za nezalaganje. Nejedinstvo navijača ipak nije normalno, posebno kada igraš za reprezentaciju. Taj kontrast u njihovu nogometnom okruženju doista je ogroman. Eto, to ih najviše brine. Hoće li na tribinama imati jedinstvenu podršku, ili će opet biti onih koji će napraviti sve da mi ne dobijemo utakmicu. Inače, oni su puni samopouzdanja, dobro znaju koliko vrijede i koliko mogu i jedva čekaju početak priprema za Euro. 
Jeste li gledajući tolike vrhunske utakmice uživo i trenerske taktike na njima možda došli do novih ideja i za igru reprezentacije? 
- Svaka utakmica nešto donese, na svakoj možeš nešto naučiti, a rekao bih da sam najviše bio koncentriran na naše igrače pokušavajući osjetiti koje im to blisko okruženje na terenu najviše paše, koja je to najbolja koncepcija koja će im pomoći da prezentiraju svoj najbolji nogomet. Mislim da sam snimio nekoliko dobrih stvari koje ću pokušati prenijeti na igrače i u reprezentaciji. Ma da nije tog njihova zanosa, mi sigurno ne bi igrali Euro. 
Što mislite pod tim zanosom? 
- U kvalifikacijama su svi problemi krenuli s Milanom i onim neredima na tribinama. Nakon toga dogodio se Poljud. U državi je očito bilo dosta onih koji su učinili sve da ne odemo u Francusku. Kako među onima koji se nazivaju navijači, tako i među medijima, ali i pojedincima koji imaju veliki utjecaj pa i snagu u našem društvu. I usprkos svim tim problemima, igrači su zadržali zanos, ostali su prava momčad i izborili Euro. Zato je plasman u Francusku isključivo njihova pobjeda i njihova zasluga. Dokazali su koliko im je Hrvatska važna u životu. 
CIJELI RAZGOVOR S ANTOM ČAČIĆEM PROČITAJTE U TISKANOM IZDANJU SPORTSKIH NOVOSTI
</post>
<signature>

</signature>
<external_links>

</external_links>
<country>HR</country>
<main_image>http://stari.jutarnji.hr/multimedia/archive/01073/mand_uki___a_i__1073936S1.jpg</main_image>
</document>
